{
    "$schema": "https://schema.management.azure.com/schemas/2015-01-01/deploymentParameters.json#",
    "contentVersion": "1.0.0.0",
    "parameters": {
        "virtualMachines_psvm_name": {
            "value": null
        },
        "virtualNetworks_psvm_name": {
            "value": null
        },
        "networkInterfaces_psvm_name": {
            "value": null
        },
        "publicIPAddresses_psvm_name": {
            "value": null
        },
        "networkSecurityGroups_psvm_name": {
            "value": null
        }
    }
}